Adrian Lobe,3
Alexander Marzahn,1
Alexandra von Ascheraden,1
Alois-Karl Hürlimann,2
Amir Mustedanagić,5
Ana Vujic,1
Andrea Fopp,7
Andreas Schneitter,5
Andreas Schwald,3
Bertram Job,1
Christian Degen,2
Christoph Kieslich,13
Daniel Faulhaber,6
Daniel Theweleit,3
Danielle Bürgin,1
Dominique Spirgi,27
Dylan Lee Rossiter,1
Eleni Kougionis,1
Elin Fredriksson,6
Felix Michel,1
Florian Haupt,11
Gabriel Brönnimann,10
Georg Kreis,5
Gerd Höhler (n-ost),2
Gregor Derichs,1
Hannes Nüsseler,6
Hans-Jörg Walter,2
Hans-Jörg Walter (Fotos),1
Hanspeter Guggenbühl,1
Jara Petersen,1
Jeremias Schulthess,12
Jonas Grieder,1
Julius Müller-Meiningen,4
Jutta Sommerbauer / n-ost,1
Jörg Greb,3
Karen N. Gerig,4
Knackeboul,3
Krsto Lazarević,2
Lucas Huber,1
Mara Wirthlin,1
Marc Krebs,9
Martin Henkel,1
Martin Stohler,2
Matteo Baldi,1
Matthias Oppliger,10
Michel Schultheiss,7
Mike Niederer,1
Naomi Gregoris,12
Nicole Gisler,1
Nils Fisch,1
Olivier Christe,1
Olivier Joliat,9
Raphael Honigstein,1
Renato Beck,21
Reto Aschwanden,3
SDA/Mike Niederer,1
Samuel Waldis,23
Sebastian Wirz,8
Simon Jäggi,1
Simone Brunner,1
Simone Janz,3
Stefan Brändle,2
Stefan Kempf,3
TaWo,1
Tino Bruni,10
Tobi Müller,1
Yen Duong,12
